{"cameraMode":{"drawMode":0,"name":"Shaded","section":"Shading Mode"},"sceneLighting":true,"audioPlay":false,"sceneViewState":{"showFog":true,"showMaterialUpdate":true,"showSkybox":true,"showFlares":true,"showImageEffects":true,"showParticleSystems":true},"in2DMode":false,"pivot":{"x":-2.0301661491394045,"y":0.8745197057723999,"z":-0.5030161142349243},"rotation":{"x":0.057613566517829898,"y":0.6585607528686523,"z":-0.050683699548244479,"w":0.7486051321029663},"size":1.2651114463806153,"orthographic":false}