{"cameraMode":{"drawMode":0,"name":"Shaded","section":"Shading Mode"},"sceneLighting":false,"audioPlay":false,"sceneViewState":{"showFog":true,"showMaterialUpdate":true,"showSkybox":false,"showFlares":true,"showImageEffects":true,"showParticleSystems":true},"in2DMode":false,"pivot":{"x":-0.08462601900100708,"y":0.01883728802204132,"z":-0.013709351420402527},"rotation":{"x":-0.04117197170853615,"y":-0.880626380443573,"z":0.46554988622665408,"w":-0.07788055390119553},"size":0.4694724977016449,"orthographic":false}