{"cameraMode":{"drawMode":0,"name":"Shaded","section":"Shading Mode"},"sceneLighting":true,"audioPlay":false,"sceneViewState":{"showFog":true,"showMaterialUpdate":true,"showSkybox":true,"showFlares":true,"showImageEffects":true,"showParticleSystems":true},"in2DMode":false,"pivot":{"x":-2.018796443939209,"y":0.9272563457489014,"z":-1.0684325695037842},"rotation":{"x":0.05513283982872963,"y":0.7802369594573975,"z":-0.06947549432516098,"w":0.6191638112068176},"size":1.303234338760376,"orthographic":false}