{"cameraMode":{"drawMode":0,"name":"Shaded","section":"Shading Mode"},"sceneLighting":true,"audioPlay":false,"sceneViewState":{"showFog":true,"showMaterialUpdate":true,"showSkybox":true,"showFlares":true,"showImageEffects":true,"showParticleSystems":true},"in2DMode":false,"pivot":{"x":-1.7125765085220338,"y":0.9573757648468018,"z":-0.6409931778907776},"rotation":{"x":0.05557417497038841,"y":0.714722752571106,"z":-0.057163652032613757,"w":0.6948490738868713},"size":1.2847440242767335,"orthographic":false}