{"cameraMode":{"drawMode":0,"name":"Shaded","section":"Shading Mode"},"sceneLighting":false,"audioPlay":false,"sceneViewState":{"showFog":true,"showMaterialUpdate":true,"showSkybox":false,"showFlares":true,"showImageEffects":true,"showParticleSystems":true},"in2DMode":false,"pivot":{"x":-0.0036840178072452547,"y":-0.12625132501125337,"z":-0.0771876722574234},"rotation":{"x":-0.04117197170853615,"y":-0.880626380443573,"z":0.46554988622665408,"w":-0.07788055390119553},"size":0.42011356353759768,"orthographic":false}