{"cameraMode":{"drawMode":0,"name":"Shaded","section":"Shading Mode"},"sceneLighting":true,"audioPlay":false,"sceneViewState":{"showFog":true,"showMaterialUpdate":true,"showSkybox":true,"showFlares":true,"showImageEffects":true,"showParticleSystems":true},"in2DMode":false,"pivot":{"x":448.10223388671877,"y":144.75747680664063,"z":159.91697692871095},"rotation":{"x":-0.05436770245432854,"y":0.35447514057159426,"z":0.0206502266228199,"w":0.933255136013031},"size":413.75994873046877,"orthographic":false}